{
  "id": "4243a69c-884e-4c51-80c2-8cc6da856bf7",
  "type": "dashboard",
  "botId": "PROD_57707",
  "title": "COE - Saving \u0026 Performance Monitor",
  "description": "",
  "startDate": "2022-02-04T08:14:32Z",
  "endDate": "2022-03-06T20:14:32Z",
  "widgets": [{
    "id": "472be078-ef96-4f36-b795-651f3fb1a1c1",
    "meta": "{\"type\":\"KPI\",\"title\":\"How many times faster than a human?\",\"formValues\":{\"metric\":\"bot_efficiency_binumber\",\"func\":\"avg\",\"title\":\"How many times faster than a human?\",\"chart\":\"KPI\"}}",
    "query": "{\"size\":0,\"_source\":false,\"timeout\":\"30000ms\",\"query\":{\"bool\":{\"must\":[{\"match\":{\"botId\":\"BOT_ID_PLACEHOLDER\"}},{\"match\":{\"tenantId.keyword\":\"TENANTID_PLACEHOLDER\"}},{\"match\":{\"isValid\":\"1\"}},{\"range\":{\"dateLogged\":{\"gte\":1643954400000,\"lt\":1646632799999,\"format\":\"epoch_millis\"}}}]}},\"aggs\":{\"visualization\":{\"avg\":{\"field\":\"data.PROD_57707.var.bot_efficiency_binumber\"}}}}",
    "widgetType": "",
    "subQueries": [],
    "dataType": "BI_DATA",
    "widgetFilters": ""
  }, {
    "id": "5570d1fa-4540-4c28-94f6-7980cabcff60",
    "meta": "{\"type\":\"KPI\",\"title\":\"Saved Time (Hour)\",\"formValues\":{\"metric\":\"time_saved_hours_binumber\",\"func\":\"sum\",\"title\":\"Saved Time (Hour)\",\"chart\":\"KPI\"}}",
    "query": "{\"size\":0,\"_source\":false,\"timeout\":\"30000ms\",\"query\":{\"bool\":{\"must\":[{\"match\":{\"botId\":\"BOT_ID_PLACEHOLDER\"}},{\"match\":{\"tenantId.keyword\":\"TENANTID_PLACEHOLDER\"}},{\"match\":{\"isValid\":\"1\"}},{\"range\":{\"dateLogged\":{\"gte\":1643954400000,\"lt\":1646632799999,\"format\":\"epoch_millis\"}}}]}},\"aggs\":{\"visualization\":{\"sum\":{\"field\":\"data.PROD_57707.var.time_saved_hours_binumber\"}}}}",
    "widgetType": "",
    "subQueries": [],
    "dataType": "BI_DATA",
    "widgetFilters": ""
  }, {
    "id": "7d7a8e25-7860-4af8-84fc-db98a547753c",
    "meta": "{\"type\":\"BAR\",\"title\":\"Saved Time by Application (Hour)\",\"formValues\":{\"metric\":\"time_saved_hours_binumber\",\"group\":\"application_name_bistring\",\"func\":\"sum\",\"title\":\"Saved Time by Application (Hour)\",\"period\":\"\",\"groupZip\":\"zipcode_bistring\",\"groupLimit\":100,\"groupSortBy\":\"application_name_bistring\",\"groupSortOrder\":\"desc\",\"chart\":\"BAR\"}}",
    "query": "{\"size\":100,\"_source\":false,\"timeout\":\"30000ms\",\"query\":{\"bool\":{\"must\":[{\"match\":{\"botId\":\"BOT_ID_PLACEHOLDER\"}},{\"match\":{\"tenantId.keyword\":\"TENANTID_PLACEHOLDER\"}},{\"match\":{\"isValid\":1}},{\"range\":{\"dateLogged\":{\"gte\":1643954400000,\"lt\":1646632799999,\"format\":\"epoch_millis\"}}}]}},\"aggs\":{\"visualization\":{\"terms\":{\"field\":\"data.PROD_57707.var.application_name_bistring.keyword\",\"size\":100,\"order\":{\"_key\":\"desc\"}},\"aggs\":{\"1\":{\"sum\":{\"field\":\"data.PROD_57707.var.time_saved_hours_binumber\"}}}}}}",
    "widgetType": "",
    "subQueries": [],
    "dataType": "BI_DATA",
    "widgetFilters": ""
  }, {
    "id": "06b8f200-71a7-40ca-ab82-3498bfc18ec1",
    "meta": "{\"type\":\"BAR\",\"title\":\"Processed Records by Application\",\"formValues\":{\"metric\":\"total_processed_volume_binumber\",\"group\":\"application_name_bistring\",\"func\":\"sum\",\"title\":\"Processed Records by Application\",\"period\":\"\",\"groupZip\":\"zipcode_bistring\",\"groupLimit\":100,\"groupSortBy\":\"application_name_bistring\",\"groupSortOrder\":\"desc\",\"chart\":\"BAR\"}}",
    "query": "{\"size\":100,\"_source\":false,\"timeout\":\"30000ms\",\"query\":{\"bool\":{\"must\":[{\"match\":{\"botId\":\"BOT_ID_PLACEHOLDER\"}},{\"match\":{\"tenantId.keyword\":\"TENANTID_PLACEHOLDER\"}},{\"match\":{\"isValid\":1}},{\"range\":{\"dateLogged\":{\"gte\":1643954400000,\"lt\":1646632799999,\"format\":\"epoch_millis\"}}}]}},\"aggs\":{\"visualization\":{\"terms\":{\"field\":\"data.PROD_57707.var.application_name_bistring.keyword\",\"size\":100,\"order\":{\"_key\":\"desc\"}},\"aggs\":{\"1\":{\"sum\":{\"field\":\"data.PROD_57707.var.total_processed_volume_binumber\"}}}}}}",
    "widgetType": "",
    "subQueries": [],
    "dataType": "BI_DATA",
    "widgetFilters": ""
  }, {
    "id": "f514e5ef-9df2-4024-b35a-4a77e791cc12",
    "meta": "{\"type\":\"CLUSTERED_BAR\",\"title\":\"Total Saved Time by Department (Hours)\",\"formValues\":{\"metric\":\"time_saved_hours_binumber\",\"group\":\"department_name_bistring\",\"func\":\"sum\",\"title\":\"Total Saved Time by Department (Hours)\",\"period\":\"\",\"groupZip\":\"zipcode_bistring\",\"groupLimit\":100,\"groupSortBy\":\"department_name_bistring\",\"groupSortOrder\":\"desc\",\"chart\":\"CLUSTERED_BAR\",\"subGroupSortBy\":\"application_name_bistring\",\"subGroup\":\"application_name_bistring\",\"subGroupLimit\":100,\"subGroupSortOrder\":\"desc\"}}",
    "query": "{\"size\":100,\"_source\":false,\"timeout\":\"30000ms\",\"query\":{\"bool\":{\"must\":[{\"match\":{\"botId\":\"BOT_ID_PLACEHOLDER\"}},{\"match\":{\"tenantId.keyword\":\"TENANTID_PLACEHOLDER\"}},{\"match\":{\"isValid\":1}},{\"range\":{\"dateLogged\":{\"gte\":1643954400000,\"lt\":1646632799999,\"format\":\"epoch_millis\"}}}]}},\"aggs\":{\"visualization\":{\"terms\":{\"field\":\"data.PROD_57707.var.department_name_bistring.keyword\",\"size\":100,\"order\":{\"_key\":\"desc\"}},\"aggs\":{\"1\":{\"sum\":{\"field\":\"data.PROD_57707.var.time_saved_hours_binumber\"}},\"subVisualization\":{\"terms\":{\"field\":\"data.PROD_57707.var.application_name_bistring.keyword\",\"size\":100,\"order\":{\"_key\":\"desc\"}},\"aggs\":{\"1\":{\"sum\":{\"field\":\"data.PROD_57707.var.time_saved_hours_binumber\"}}}}}}}}",
    "widgetType": "",
    "subQueries": [],
    "dataType": "BI_DATA",
    "widgetFilters": ""
  }, {
    "id": "61029d9d-e214-4eb3-a751-f2d49534bc45",
    "meta": "{\"type\":\"CLUSTERED_BAR\",\"title\":\"Total Processed Records by Department\",\"formValues\":{\"metric\":\"total_processed_volume_binumber\",\"group\":\"department_name_bistring\",\"func\":\"sum\",\"title\":\"Total Processed Records by Department\",\"period\":\"\",\"groupZip\":\"zipcode_bistring\",\"groupLimit\":100,\"groupSortBy\":\"department_name_bistring\",\"groupSortOrder\":\"desc\",\"chart\":\"CLUSTERED_BAR\",\"subGroupSortBy\":\"application_name_bistring\",\"subGroup\":\"application_name_bistring\",\"subGroupLimit\":100,\"subGroupSortOrder\":\"asc\"}}",
    "query": "{\"size\":100,\"_source\":false,\"timeout\":\"30000ms\",\"query\":{\"bool\":{\"must\":[{\"match\":{\"botId\":\"BOT_ID_PLACEHOLDER\"}},{\"match\":{\"tenantId.keyword\":\"TENANTID_PLACEHOLDER\"}},{\"match\":{\"isValid\":1}},{\"range\":{\"dateLogged\":{\"gte\":1643954400000,\"lt\":1646632799999,\"format\":\"epoch_millis\"}}}]}},\"aggs\":{\"visualization\":{\"terms\":{\"field\":\"data.PROD_57707.var.department_name_bistring.keyword\",\"size\":100,\"order\":{\"_key\":\"desc\"}},\"aggs\":{\"1\":{\"sum\":{\"field\":\"data.PROD_57707.var.total_processed_volume_binumber\"}},\"subVisualization\":{\"terms\":{\"field\":\"data.PROD_57707.var.application_name_bistring.keyword\",\"size\":100,\"order\":{\"_key\":\"asc\"}},\"aggs\":{\"1\":{\"sum\":{\"field\":\"data.PROD_57707.var.total_processed_volume_binumber\"}}}}}}}}",
    "widgetType": "",
    "subQueries": [],
    "dataType": "BI_DATA",
    "widgetFilters": ""
  }, {
    "id": "f74d38f1-37a4-45a1-b12b-4e06f97a9149",
    "meta": "{\"type\":\"KPI\",\"title\":\"Total Processed Records\",\"formValues\":{\"title\":\"Total Processed Records\",\"func\":\"sum\",\"secondFunc\":\"\",\"group\":\"businessTransactionStatus\",\"groupZip\":\"businessTransactionStatus\",\"subGroup\":\"transactionStatus\",\"metric\":\"total_processed_volume_binumber\",\"timeUnit\":\"\",\"secondTimeUnit\":\"\",\"secondMetric\":\"time_saved_minutes_binumber\",\"period\":\"\",\"subGroupPeriod\":\"\",\"groupLimit\":10,\"groupSortBy\":\"businessTransactionStatus\",\"groupSortOrder\":\"desc\",\"subGroupLimit\":10,\"subGroupSortOrder\":\"desc\",\"subGroupSortBy\":\"transactionStatus\",\"bound\":\"top\"}}",
    "query": "{\"size\":0,\"_source\":false,\"timeout\":\"30000ms\",\"query\":{\"bool\":{\"must\":[{\"match\":{\"botId\":\"BOT_ID_PLACEHOLDER\"}},{\"match\":{\"tenantId.keyword\":\"TENANTID_PLACEHOLDER\"}},{\"match\":{\"isValid\":\"1\"}},{\"range\":{\"dateLogged\":{\"gte\":1643954400000,\"lt\":1646632799999,\"format\":\"epoch_millis\"}}}]}},\"aggs\":{\"visualization\":{\"sum\":{\"field\":\"data.PROD_57707.var.total_processed_volume_binumber\"}}}}",
    "widgetType": "",
    "subQueries": [],
    "dataType": "BI_DATA",
    "widgetFilters": ""
  }, {
    "id": "c14b8203-02c5-4108-9d9b-86f3762b13f4",
    "meta": "{\"type\":\"KPI\",\"title\":\"Total Success\",\"formValues\":{\"title\":\"Total Success\",\"func\":\"sum\",\"secondFunc\":\"\",\"group\":\"businessTransactionStatus\",\"groupZip\":\"businessTransactionStatus\",\"subGroup\":\"transactionStatus\",\"metric\":\"total_success_binumber\",\"timeUnit\":\"\",\"secondTimeUnit\":\"\",\"secondMetric\":\"time_saved_minutes_binumber\",\"period\":\"\",\"subGroupPeriod\":\"\",\"groupLimit\":10,\"groupSortBy\":\"businessTransactionStatus\",\"groupSortOrder\":\"desc\",\"subGroupLimit\":10,\"subGroupSortOrder\":\"desc\",\"subGroupSortBy\":\"transactionStatus\",\"bound\":\"top\"}}",
    "query": "{\"size\":0,\"_source\":false,\"timeout\":\"30000ms\",\"query\":{\"bool\":{\"must\":[{\"match\":{\"botId\":\"BOT_ID_PLACEHOLDER\"}},{\"match\":{\"tenantId.keyword\":\"TENANTID_PLACEHOLDER\"}},{\"match\":{\"isValid\":\"1\"}},{\"range\":{\"dateLogged\":{\"gte\":1643954400000,\"lt\":1646632799999,\"format\":\"epoch_millis\"}}}]}},\"aggs\":{\"visualization\":{\"sum\":{\"field\":\"data.PROD_57707.var.total_success_binumber\"}}}}",
    "widgetType": "",
    "subQueries": [],
    "dataType": "BI_DATA",
    "widgetFilters": ""
  }, {
    "id": "f8a0dfd8-9bf8-4409-b150-be0bddad7a2e",
    "meta": "{\"type\":\"KPI\",\"title\":\"Total Failed\",\"formValues\":{\"title\":\"Total Failed\",\"func\":\"sum\",\"secondFunc\":\"\",\"group\":\"businessTransactionStatus\",\"groupZip\":\"businessTransactionStatus\",\"subGroup\":\"transactionStatus\",\"metric\":\"total_failed_binumber\",\"timeUnit\":\"\",\"secondTimeUnit\":\"\",\"secondMetric\":\"time_saved_minutes_binumber\",\"period\":\"\",\"subGroupPeriod\":\"\",\"groupLimit\":10,\"bound\":\"top\",\"groupSortBy\":\"businessTransactionStatus\",\"groupSortOrder\":\"desc\",\"subGroupLimit\":10,\"subGroupSortOrder\":\"desc\",\"subGroupSortBy\":\"transactionStatus\"}}",
    "query": "{\"size\":0,\"_source\":false,\"timeout\":\"30000ms\",\"query\":{\"bool\":{\"must\":[{\"match\":{\"botId\":\"BOT_ID_PLACEHOLDER\"}},{\"match\":{\"tenantId.keyword\":\"TENANTID_PLACEHOLDER\"}},{\"match\":{\"isValid\":\"1\"}},{\"range\":{\"dateLogged\":{\"gte\":1643954400000,\"lt\":1646632799999,\"format\":\"epoch_millis\"}}}]}},\"aggs\":{\"visualization\":{\"sum\":{\"field\":\"data.PROD_57707.var.total_failed_binumber\"}}}}",
    "widgetType": "",
    "subQueries": [],
    "dataType": "BI_DATA",
    "widgetFilters": ""
  }, {
    "id": "30cb5d6b-001d-4b49-aab0-9500a5080f7b",
    "meta": "{\"type\":\"DONUT\",\"title\":\"Total Failed by Application\",\"formValues\":{\"title\":\"Total Failed by Application\",\"func\":\"sum\",\"secondFunc\":\"\",\"group\":\"application_name_bistring\",\"groupZip\":\"businessTransactionStatus\",\"subGroup\":\"transactionStatus\",\"metric\":\"total_failed_binumber\",\"timeUnit\":\"\",\"secondTimeUnit\":\"\",\"secondMetric\":\"time_saved_minutes_binumber\",\"period\":\"\",\"subGroupPeriod\":\"\",\"groupLimit\":100,\"bound\":\"top\",\"groupSortBy\":\"application_name_bistring\",\"groupSortOrder\":\"desc\",\"subGroupLimit\":10,\"subGroupSortOrder\":\"desc\",\"subGroupSortBy\":\"transactionStatus\"}}",
    "query": "{\"size\":100,\"_source\":false,\"timeout\":\"30000ms\",\"query\":{\"bool\":{\"must\":[{\"match\":{\"botId\":\"BOT_ID_PLACEHOLDER\"}},{\"match\":{\"tenantId.keyword\":\"TENANTID_PLACEHOLDER\"}},{\"match\":{\"isValid\":1}},{\"range\":{\"dateLogged\":{\"gte\":1643954400000,\"lt\":1646632799999,\"format\":\"epoch_millis\"}}}]}},\"aggs\":{\"visualization\":{\"terms\":{\"field\":\"data.PROD_57707.var.application_name_bistring.keyword\",\"size\":100,\"order\":{\"_key\":\"desc\"}},\"aggs\":{\"1\":{\"sum\":{\"field\":\"data.PROD_57707.var.total_failed_binumber\"}}}}}}",
    "widgetType": "",
    "subQueries": [],
    "dataType": "BI_DATA",
    "widgetFilters": ""
  }],
  "dashboardType": "PROD",
  "tenantId": "",
  "environment": "PROD",
  "sourceDashboardId": "",
  "devUserId": "11",
  "layout": "{\"lg\":[{\"w\":6,\"h\":4,\"x\":0,\"y\":0,\"i\":\"f0e3b828-5638-4655-a29b-87b97ecbaa5e\",\"minW\":3,\"minH\":4,\"moved\":false,\"static\":false},{\"w\":6,\"h\":4,\"x\":6,\"y\":0,\"i\":\"75bdb8a5-00b2-4ed5-a87b-dcb979473f29\",\"minW\":3,\"minH\":4,\"moved\":false,\"static\":false},{\"w\":6,\"h\":12,\"x\":0,\"y\":8,\"i\":\"6328d88c-2e06-4333-8e66-05729420dfe7\",\"minW\":4,\"minH\":12,\"moved\":false,\"static\":false},{\"w\":6,\"h\":12,\"x\":0,\"y\":20,\"i\":\"53df4c3a-3e44-4401-8e40-345ce3bc087d\",\"minW\":4,\"minH\":12,\"moved\":false,\"static\":false},{\"w\":6,\"h\":12,\"x\":6,\"y\":4,\"i\":\"b616cb3f-080f-4ca8-9e2e-6db7c00fa97a\",\"minW\":4,\"minH\":12,\"moved\":false,\"static\":false},{\"w\":6,\"h\":12,\"x\":6,\"y\":16,\"i\":\"b6852ff1-00e7-4b66-bb60-89469377a9af\",\"minW\":4,\"minH\":12,\"moved\":false,\"static\":false},{\"w\":6,\"h\":4,\"x\":0,\"y\":4,\"i\":\"d8cbd466-2560-4196-b9f0-001285a0d09b\",\"minW\":3,\"minH\":4,\"moved\":false,\"static\":false}]}",
  "defaultDataType": "BI_DATA",
  "defaultDateVariable": "",
  "tenantIdFormat": "",
  "cardinalityVariable": "",
  "termFilters": [],
  "version": "11",
  "createdBy": "CORPAA\\787995",
  "lastModifiedBy": "",
  "botName": "Finalize_A360",
  "dashboardFilters": "",
  "matchFilters": [],
  "parentDashboardId": ""
}