{
  "dataProfiles": [{
    "botId": "PROD_57707",
    "botName": "Finalize_A360",
    "totalRecords": "0",
    "standardDashboardName": "",
    "profileVariables": [{
      "variableName": "businessTransactionStatus",
      "internalVariableName": "businessTransactionStatus",
      "displayName": "Business Transaction Status",
      "attributeType": "STRING",
      "sumOfValue": 0.0,
      "minimumValue": "",
      "maximumValue": "",
      "averageOfValues": 0.0,
      "totalDistinct": "1",
      "totalNullRecords": "0",
      "enabled": "Y",
      "addedState": "SAME",
      "contract": "businessTransactionStatus",
      "isTransactionVariable": "Y"
    }, {
      "variableName": "transactionStatus",
      "internalVariableName": "transactionStatus",
      "displayName": "Transaction Status",
      "attributeType": "STRING",
      "sumOfValue": 0.0,
      "minimumValue": "",
      "maximumValue": "",
      "averageOfValues": 0.0,
      "totalDistinct": "1",
      "totalNullRecords": "0",
      "enabled": "Y",
      "addedState": "SAME",
      "contract": "transactionStatus",
      "isTransactionVariable": "Y"
    }, {
      "variableName": "total_failed",
      "internalVariableName": "total_failed_binumber",
      "displayName": "Total Failed",
      "attributeType": "NUMERIC",
      "sumOfValue": 1.0,
      "minimumValue": "1.0",
      "maximumValue": "1.0",
      "averageOfValues": 1.0,
      "totalDistinct": "1",
      "totalNullRecords": "0",
      "enabled": "Y",
      "addedState": "SAME",
      "contract": "",
      "isTransactionVariable": ""
    }, {
      "variableName": "time_saved_minutes",
      "internalVariableName": "time_saved_minutes_binumber",
      "displayName": "Time Saved Minutes",
      "attributeType": "NUMERIC",
      "sumOfValue": 10.083333015441895,
      "minimumValue": "10.08333333",
      "maximumValue": "10.08333333",
      "averageOfValues": 10.083333015441895,
      "totalDistinct": "1",
      "totalNullRecords": "0",
      "enabled": "Y",
      "addedState": "SAME",
      "contract": "",
      "isTransactionVariable": ""
    }, {
      "variableName": "total_processed_volume",
      "internalVariableName": "total_processed_volume_binumber",
      "displayName": "Total Processed Volume",
      "attributeType": "NUMERIC",
      "sumOfValue": 121.0,
      "minimumValue": "121.0",
      "maximumValue": "121.0",
      "averageOfValues": 121.0,
      "totalDistinct": "1",
      "totalNullRecords": "0",
      "enabled": "Y",
      "addedState": "SAME",
      "contract": "",
      "isTransactionVariable": ""
    }, {
      "variableName": "manual_process_time_minutes",
      "internalVariableName": "manual_process_time_minutes_binumber",
      "displayName": "Manual Process Time Minutes",
      "attributeType": "NUMERIC",
      "sumOfValue": 10.083333015441895,
      "minimumValue": "10.08333333",
      "maximumValue": "10.08333333",
      "averageOfValues": 10.083333015441895,
      "totalDistinct": "1",
      "totalNullRecords": "0",
      "enabled": "Y",
      "addedState": "SAME",
      "contract": "",
      "isTransactionVariable": ""
    }, {
      "variableName": "time_saved_days",
      "internalVariableName": "time_saved_days_binumber",
      "displayName": "Time Saved Days",
      "attributeType": "NUMERIC",
      "sumOfValue": 0.007002315018326044,
      "minimumValue": "0.007002315",
      "maximumValue": "0.007002315",
      "averageOfValues": 0.007002315018326044,
      "totalDistinct": "1",
      "totalNullRecords": "0",
      "enabled": "Y",
      "addedState": "SAME",
      "contract": "",
      "isTransactionVariable": ""
    }, {
      "variableName": "transactionName",
      "internalVariableName": "transactionName",
      "displayName": "Transaction Name",
      "attributeType": "STRING",
      "sumOfValue": 0.0,
      "minimumValue": "",
      "maximumValue": "",
      "averageOfValues": 0.0,
      "totalDistinct": "1",
      "totalNullRecords": "0",
      "enabled": "Y",
      "addedState": "SAME",
      "contract": "transactionName",
      "isTransactionVariable": "Y"
    }, {
      "variableName": "userName",
      "internalVariableName": "userName",
      "displayName": "User Name",
      "attributeType": "STRING",
      "sumOfValue": 0.0,
      "minimumValue": "",
      "maximumValue": "",
      "averageOfValues": 0.0,
      "totalDistinct": "1",
      "totalNullRecords": "0",
      "enabled": "Y",
      "addedState": "SAME",
      "contract": "userName",
      "isTransactionVariable": "Y"
    }, {
      "variableName": "totalTransactionDuration",
      "internalVariableName": "totalTransactionDuration",
      "displayName": "Total Transaction Duration",
      "attributeType": "NUMERIC",
      "sumOfValue": 3901.0,
      "minimumValue": "3901.0",
      "maximumValue": "3901.0",
      "averageOfValues": 3901.0,
      "totalDistinct": "1",
      "totalNullRecords": "0",
      "enabled": "Y",
      "addedState": "SAME",
      "contract": "totalTransactionDuration",
      "isTransactionVariable": "Y"
    }, {
      "variableName": "machineName",
      "internalVariableName": "machineName",
      "displayName": "Machine Name",
      "attributeType": "STRING",
      "sumOfValue": 0.0,
      "minimumValue": "",
      "maximumValue": "",
      "averageOfValues": 0.0,
      "totalDistinct": "1",
      "totalNullRecords": "0",
      "enabled": "Y",
      "addedState": "SAME",
      "contract": "machineName",
      "isTransactionVariable": "Y"
    }, {
      "variableName": "time_saved_hours",
      "internalVariableName": "time_saved_hours_binumber",
      "displayName": "Time Saved Hours",
      "attributeType": "NUMERIC",
      "sumOfValue": 0.16805554926395416,
      "minimumValue": "0.168055556",
      "maximumValue": "0.168055556",
      "averageOfValues": 0.16805554926395416,
      "totalDistinct": "1",
      "totalNullRecords": "0",
      "enabled": "Y",
      "addedState": "SAME",
      "contract": "",
      "isTransactionVariable": ""
    }, {
      "variableName": "transactionStartTime",
      "internalVariableName": "transactionStartTime",
      "displayName": "Transaction Start Time",
      "attributeType": "TIMESTAMP",
      "sumOfValue": 0.0,
      "minimumValue": "2022-02-15T15:41:44.936Z",
      "maximumValue": "2022-02-15T15:41:44.936Z",
      "averageOfValues": 0.0,
      "totalDistinct": "1",
      "totalNullRecords": "0",
      "enabled": "Y",
      "addedState": "SAME",
      "contract": "transactionStartTime",
      "isTransactionVariable": "Y"
    }, {
      "variableName": "application_name",
      "internalVariableName": "application_name_bistring",
      "displayName": "Application Name",
      "attributeType": "STRING",
      "sumOfValue": 0.0,
      "minimumValue": "",
      "maximumValue": "",
      "averageOfValues": 0.0,
      "totalDistinct": "1",
      "totalNullRecords": "0",
      "enabled": "Y",
      "addedState": "SAME",
      "contract": "",
      "isTransactionVariable": ""
    }, {
      "variableName": "total_success",
      "internalVariableName": "total_success_binumber",
      "displayName": "Total Success",
      "attributeType": "NUMERIC",
      "sumOfValue": 120.0,
      "minimumValue": "120.0",
      "maximumValue": "120.0",
      "averageOfValues": 120.0,
      "totalDistinct": "1",
      "totalNullRecords": "0",
      "enabled": "Y",
      "addedState": "SAME",
      "contract": "",
      "isTransactionVariable": ""
    }, {
      "variableName": "transactionEndTime",
      "internalVariableName": "transactionEndTime",
      "displayName": "Transaction End Time",
      "attributeType": "TIMESTAMP",
      "sumOfValue": 0.0,
      "minimumValue": "2022-02-15T15:41:48.838Z",
      "maximumValue": "2022-02-15T15:41:48.838Z",
      "averageOfValues": 0.0,
      "totalDistinct": "1",
      "totalNullRecords": "0",
      "enabled": "Y",
      "addedState": "SAME",
      "contract": "transactionEndTime",
      "isTransactionVariable": "Y"
    }, {
      "variableName": "department_name",
      "internalVariableName": "department_name_bistring",
      "displayName": "Department Name",
      "attributeType": "STRING",
      "sumOfValue": 0.0,
      "minimumValue": "",
      "maximumValue": "",
      "averageOfValues": 0.0,
      "totalDistinct": "1",
      "totalNullRecords": "0",
      "enabled": "Y",
      "addedState": "SAME",
      "contract": "",
      "isTransactionVariable": ""
    }, {
      "variableName": "bot_runner",
      "internalVariableName": "bot_runner_bistring",
      "displayName": "Bot Runner",
      "attributeType": "STRING",
      "sumOfValue": 0.0,
      "minimumValue": "",
      "maximumValue": "",
      "averageOfValues": 0.0,
      "totalDistinct": "1",
      "totalNullRecords": "0",
      "enabled": "Y",
      "addedState": "SAME",
      "contract": "",
      "isTransactionVariable": ""
    }, {
      "variableName": "bot_process_time_minutes",
      "internalVariableName": "bot_process_time_minutes_binumber",
      "displayName": "Bot Process Time Minutes",
      "attributeType": "NUMERIC",
      "sumOfValue": 491.0,
      "minimumValue": "491.0",
      "maximumValue": "491.0",
      "averageOfValues": 491.0,
      "totalDistinct": "1",
      "totalNullRecords": "0",
      "enabled": "Y",
      "addedState": "SAME",
      "contract": "",
      "isTransactionVariable": ""
    }, {
      "variableName": "bot_efficiency",
      "internalVariableName": "bot_efficiency_binumber",
      "displayName": "Bot Efficiency",
      "attributeType": "NUMERIC",
      "sumOfValue": 0.02053632028400898,
      "minimumValue": "0.02053632",
      "maximumValue": "0.02053632",
      "averageOfValues": 0.02053632028400898,
      "totalDistinct": "1",
      "totalNullRecords": "0",
      "enabled": "Y",
      "addedState": "SAME",
      "contract": "",
      "isTransactionVariable": ""
    }],
    "dashboardId": "",
    "environment": "PROD",
    "dashboardType": "PROD",
    "createdAt": "2022-02-04T20:14:31Z",
    "createdBy": "CORPAA\\787995",
    "modifiedAt": "2022-02-15T15:47:15Z",
    "modifiedBy": "CORPAA\\787995"
  }]
}